{"cameraMode":{"drawMode":0,"name":"Shaded","section":"Shading Mode"},"sceneLighting":true,"audioPlay":false,"sceneViewState":{"showFog":false,"showMaterialUpdate":false,"showSkybox":false,"showFlares":false,"showImageEffects":false,"showParticleSystems":false},"in2DMode":false,"pivot":{"x":-0.5161314010620117,"y":-2.60951566696167,"z":-5.473458290100098},"rotation":{"x":-0.2481549084186554,"y":0.6400202512741089,"z":-0.23023070394992829,"w":-0.689862072467804},"size":15.244671821594239,"orthographic":false}