{"cameraMode":{"drawMode":0,"name":"Shaded","section":"Shading Mode"},"sceneLighting":false,"audioPlay":false,"sceneViewState":{"showFog":false,"showMaterialUpdate":false,"showSkybox":false,"showFlares":false,"showImageEffects":false,"showParticleSystems":false},"in2DMode":false,"pivot":{"x":-0.7351747751235962,"y":0.3557598888874054,"z":3.0389280319213869},"rotation":{"x":-0.13181808590888978,"y":0.6400768160820007,"z":-0.11271364986896515,"w":-0.7485579252243042},"size":7.244858741760254,"orthographic":false}