{"cameraMode":{"drawMode":0,"name":"Shaded","section":"Shading Mode"},"sceneLighting":true,"audioPlay":false,"sceneViewState":{"showFog":false,"showMaterialUpdate":false,"showSkybox":false,"showFlares":false,"showImageEffects":false,"showParticleSystems":false},"in2DMode":false,"pivot":{"x":1.2575623989105225,"y":1.1927587985992432,"z":-11.826861381530762},"rotation":{"x":-0.03981763496994972,"y":0.6791701316833496,"z":-0.03689659759402275,"w":-0.7320559620857239},"size":3.892751693725586,"orthographic":false}